Category,Product,SKU,Stock,Price,Status,Size
HS Shirt,"Buy Any 3 Cuban Shirts, Get 395 TK Off",TB-02-5,0.0,0.0,Instock,
HS Shirt,"Buy Any 2 Cuban Shirts, Get 130 TK Off",TB-02-4,0.0,0.0,Instock,
HS Shirt,"Buy Any 3 Shirts, Get 395 TK Off",TB-02-3,0.0,0.0,Instock,
HS Shirt,"Buy Any 2 Shirts, Get 130 TK Off",TB-02-2,0.0,0.0,Instock,
Tank Top,"Buy Any 3 Tank Top, Get 88 TK Off",TB-05-003,0.0,0.0,Instock,
Tank Top,"Buy Any 5 Tank Top, Get 295 TK Off",TB-05-002,0.0,0.0,Instock,
Wallet,Chocolate Bifold Wallet,109-0102-074,3.0,699.0,Instock,
Wallet,Green Bifold Wallet,109-0102-073,1.0,699.0,Instock,
Wallet,Black Bifold Wallet,109-0102-072,3.0,699.0,Instock,
Wallet,Green Leather Long Wallet,109-0101-048,2.0,1299.0,Instock,
Belt,Black Premium Leather Belt,109-0402-058,0.0,950.0,Outofstock,
Belt,Chocolate Premium Leather Belt,109-0402-057,2.0,950.0,Instock,
Belt,Chocolate Premium Leather Belt,109-0402-054,5.0,950.0,Instock,
Belt,Chocolate Premium Leather Belt,109-0402-051,3.0,990.0,Instock,
Belt,Chocolate Premium Leather Belt,109-0402-050,1.0,990.0,Instock,
Belt,Chocolate Premium Leather Belt,109-0402-046,0.0,950.0,Outofstock,
Wallet,Compact Genuine Leather Card Holder,109-0104-002,6.0,590.0,Instock,
Wallet,Compact Genuine Leather Card Holder,109-0104-003,2.0,590.0,Instock,
Wallet,Compact Genuine Leather Card Holder,109-0104-004,3.0,590.0,Instock,
Wallet,Compact Genuine Leather Card Holder,109-0104-006,3.0,690.0,Instock,
Wallet,Compact Genuine Leather Card Holder,109-0104-005,1.0,690.0,Instock,
Wallet,Black Leather Long Zipper Wallet,109-0101-052,1.0,1349.0,Instock,
Wallet,Chocolate Leather Long Zipper Wallet,109-0101-051,4.0,1349.0,Instock,
Wallet,Chocolate Leather Long Wallet,109-0101-050,2.0,1299.0,Instock,
Wallet,Black Leather Long Wallet,109-0101-049,3.0,1299.0,Instock,
Wallet,Black Bifold Wallet,109-0102-071,3.0,750.0,Instock,
Wallet,Chocolate Bifold Wallet,109-0102-070,-1.0,750.0,Outofstock,
Wallet,Chocolate Bifold Leather Wallet,109-0102-069,1.0,850.0,Instock,
Wallet,Brown Bifold Leather Wallet,109-0102-064,4.0,950.0,Instock,
Wallet,Black Bifold Leather Wallet,109-0102-063,1.0,950.0,Instock,
Belt,Black Premium Leather Belt,109-0402-061,1.0,990.0,Instock,
Belt,Chocolate Premium Leather Belt,109-0402-060,1.0,990.0,Instock,
Belt,Mocha Premium Leather Belt,109-0402-056,4.0,950.0,Instock,
Belt,Mocha Premium Leather Belt,109-0402-055,1.0,950.0,Instock,
Belt,Chocolate Premium Leather Belt,109-0402-052,3.0,990.0,Instock,
Belt,Black Premium Leather Belt,109-0402-049,2.0,990.0,Instock,
Belt,Black Premium Leather Belt,109-0402-00048,0.0,990.0,Outofstock,
Wallet,Executive Brown Leather Card Holder,109-0104-001,6.0,590.0,Instock,
Belt,Brown Premium Leather Belt,109-0402-047,0.0,950.0,Outofstock,
Belt,Brown Premium Leather Belt,109-0402-045,0.0,950.0,Outofstock,
Belt,Brown Premium Leather Belt,109-0402-044,4.0,990.0,Instock,
Belt,Brown Premium Leather Belt,109-0402-043,4.0,990.0,Instock,
Belt,Brown Premium Leather Belt,109-0402-042,1.0,990.0,Instock,
Belt,Black Genuine Leather Belt,109-0402-041,4.0,950.0,Instock,
Belt,Black Genuine Leather Belt,109-0402-040,1.0,950.0,Instock,
Belt,Black Genuine Leather Belt,109-0402-038,0.0,950.0,Outofstock,
Belt,Black Premium Leather Belt,109-0402-037,2.0,990.0,Instock,
Belt,Black Premium Leather Belt,109-0402-036,3.0,990.0,Instock,
Belt,Black Premium Leather Belt,109-0402-035,0.0,990.0,Outofstock,
Bundles,Tradition Meets Denim Bundle,JP-03-02,0.0,0.0,Instock,
Bundles,Heritage Style Bundle,JP-03-01,0.0,0.0,Instock,
Others,Double Denim Combo,TJB-03-4,0.0,0.0,Instock,
Others,Denim & Drop Combo,TJB-03-3,0.0,0.0,Instock,
Others,Casual Essentials Combo,TJB-03-02,0.0,0.0,Instock,
T-Shirt,Denim & Tee Power Pack,TJB-03-01,0.0,0.0,Instock,
Wallet,Choco Coinpocket Bifold Leather Wallet,109-0102-067,1.0,950.0,Instock,
Wallet,Sage Bifold Leather Wallet,109-0102-066,0.0,850.0,Outofstock,
Wallet,Plain Choco Bifold Leather Wallet,109-0102-065,0.0,850.0,Outofstock,
Wallet,Burgendy Leather Long Wallet,109-0101-045,1.0,1299.0,Instock,
Wallet,Black Leather Long Wallet,109-0101-046,4.0,1299.0,Instock,
Wallet,Plain Choco Leather Long Wallet,109-0101-047,4.0,1299.0,Instock,
Wallet,Gritty Black Multi-Chamber Bifold Wallet,109-0102-062,1.0,750.0,Instock,
Wallet,Gritty Brown Multi-Chamber Bifold Wallet,109-0102-061,1.0,750.0,Instock,
Wallet,Sage Multi-Chamber Bifold Wallet,109-0102-060,1.0,950.0,Instock,
Wallet,Rust Multi-Chamber Bifold Wallet,109-0102-059,2.0,950.0,Instock,
Wallet,Black Multi-Chamber Bifold Wallet,109-0102-058,1.0,950.0,Instock,
Wallet,Burnt Choco Bifold Leather Wallet,109-0102-057,4.0,700.0,Instock,
Wallet,Textured Black Bifold Leather Wallet,109-0102-056,3.0,700.0,Instock,
Wallet,Black Coinpocket Bifold Leather Wallet,109-0102-055,1.0,950.0,Instock,
Wallet,Polished Choco Bifold Leather Wallet,109-0102-053,3.0,900.0,Instock,
Wallet,Polished Black Bifold Leather Wallet,109-0102-052,1.0,900.0,Instock,
Wallet,Plain Choco Bifold Leather Wallet,109-0102-050,2.0,850.0,Instock,
Wallet,Plain Brown Bifold Leather Wallet,109-0102-049,1.0,850.0,Instock,
Wallet,Burgendy Bifold Leather Wallet,109-0102-048,1.0,850.0,Instock,
Wallet,Plain Black Bifold Leather Wallet,109-0102-047,0.0,850.0,Outofstock,
T-Shirt,Choose Any 5 T-Shirts,TB-05-1,0.0,0.0,Instock,
T-Shirt,"Buy Any 3 T-Shirts, Get 185 TK Off",TB-03-001,0.0,0.0,Instock,
T-Shirt,"Buy Any 2 T-Shirts, Get 61 TK Off",TB-02-001,0.0,0.0,Instock,
Sweatshirt,Sweatshirt Trio,CB-110-108-13,0.0,0.0,Outofstock,
Sweatshirt,Sweatshirt Duo,CB-110-108-12,0.0,0.0,Outofstock,
Others,Off-White Sweat Combo,CB-110-108-01,0.0,0.0,Outofstock,
Others,Sweat Combo,CB-110-108-09,0.0,0.0,Outofstock,
Others,Maroon Sweat Combo,CB-110-108-06,0.0,0.0,Outofstock,
Others,Brown Sweat Combo,CB-110-108-05,0.0,0.0,Outofstock,
Others,Green Sweat Combo,CB-110-108-04,0.0,0.0,Outofstock,
Others,Sky Blue Sweat Combo,CB-110-108-03,0.0,0.0,Outofstock,
Others,Teal Sweat Combo,CB-110-108-08,0.0,0.0,Outofstock,
Others,Choco Sweat Combo,CB-110-108-07,0.0,0.0,Outofstock,
Wallet,Leather Passport Holder,109-0303-006,0.0,880.0,Outofstock,
Belt,Black Leather Gear Belt,109-0401-143,0.0,1099.0,Outofstock,
Belt,Reversible Leather Belt with Moving Buckle,109-0403-009,0.0,999.0,Outofstock,
Wallet,Indigo Navy Trifold Genuine Leather Wallet,109-0103-017,0.0,880.0,Outofstock,
Wallet,Chocolate Leather Long Wallet,109-0101-036,0.0,1299.0,Outofstock,
Wallet,Auburn Luxe Trifold Leather Wallet,109-0103-008,0.0,880.0,Outofstock,
Belt,Chocolate Premium Leather Belt,109-0402-018,1.0,990.0,Instock,
Wallet,DEEN Bifold Leather Wallet,109-0102-029,0.0,799.0,Outofstock,
Wallet,Black Finish Leather Passport Holder,109-0303-001,0.0,799.0,Outofstock,
Others,109-0402-014,109-0402-014,0.0,792.0,Outofstock,
Belt,Choco Leather Belt,109-0402-013,3.0,990.0,Instock,
Wallet,DEEN Genuine Leather Long Wallet,109-0101-008,1.0,1199.0,Instock,
Wallet,Pebble Grain Leather Bi-fold Wallet,109-0102-039,0.0,799.0,Outofstock,
Wallet,Chocolate Croco Leather Long Wallet,109-0101-042,1.0,1299.0,Instock,
Belt,Reversible Leather Belt with Moving Buckle,109-0403-007,0.0,999.0,Outofstock,
Wallet,Dual Drift Concealed Leather Long Wallet,109-0101-040,0.0,1299.0,Outofstock,
Belt,Reversible Leather Belt with Moving Buckle,109-0403-005,0.0,999.0,Outofstock,
Wallet,Choco Leather Passport Holder,109-0303-005,1.0,880.0,Instock,
Belt,Black Premium Leather Belt,109-0401-185,0.0,949.0,Outofstock,
Belt,Black Leather Gear Belt,109-0401-179,0.0,1099.0,Outofstock,
Wallet,DEEN Bifold Leather Wallet,109-0102-031,0.0,799.0,Outofstock,
Wallet,DEEN Genuine Leather Long Wallet,109-0101-002,0.0,1149.0,Outofstock,
Leather Bag,Croco Dual Black  Executive Leather Bag,109-0301-018,0.0,4599.0,Outofstock,
Belt,Black Premium Leather Belt,109-0402-009,0.0,990.0,Outofstock,
Belt,Chocolate Premium Leather Belt,109-0402-015,0.0,990.0,Outofstock,
Belt,Chocolate Premium Leather Belt,109-0402-017,2.0,990.0,Instock,
Belt,Chocolate Premium Leather Belt,109-0402-020,1.0,990.0,Instock,
Belt,Chocolate Premium Leather Belt,109-0402-027,0.0,990.0,Outofstock,
Belt,Chocolate Premium Leather Belt,109-0402-028,0.0,990.0,Outofstock,
Belt,Reversible Leather Belt with Moving Buckle,109-0403-003,0.0,999.0,Outofstock,
Belt,Reversible Leather Belt with Moving Buckle,109-0403-006,0.0,999.0,Outofstock,
Belt,Chocolate Premium Leather Belt,109-0402-0018,0.0,990.0,Outofstock,
Belt,Chocolate Premium Leather Belt,109-0402-0013,0.0,990.0,Outofstock,
Belt,Black Premium Leather Belt,109-0402-006,0.0,990.0,Outofstock,
Belt,Chocolate Premium Leather Belt,109-0402-003,2.0,990.0,Instock,
Belt,Chocolate Premium Leather Belt,109-0402-002,1.0,990.0,Instock,
Belt,Black Leather Gear Belt,109-0401-159,0.0,1090.0,Outofstock,
Belt,Black Leather Gear Belt,109-0401-146,0.0,1090.0,Outofstock,
Belt,Black Leather Gear Belt,109-0401-133,0.0,1090.0,Outofstock,
Belt,Chocolate Leather Gear Belt,109-0401-125,0.0,1090.0,Outofstock,
Belt,Chocolate Leather Gear Belt,109-0401-120,0.0,1090.0,Outofstock,
Belt,Black Premium Leather Belt,109-0402-023,0.0,990.0,Outofstock,
Belt,Black Premium Leather Belt,109-0402-007,1.0,990.0,Instock,
Belt,Chocolate Premium Leather Belt,109-0402-022,0.0,990.0,Outofstock,
Belt,Chocolate Premium Leather Belt,109-0402-012,0.0,990.0,Outofstock,
Belt,Chocolate Premium Leather Belt,109-0402-021,1.0,990.0,Instock,
Belt,Black Premium Leather Belt,109-0402-011,0.0,990.0,Outofstock,
Belt,Reversible Leather Belt with Moving Buckle,109-0403-004,0.0,999.0,Outofstock,
Belt,Reversible Leather Belt with Moving Buckle,109-0403-001,0.0,999.0,Outofstock,
Wallet,Black Concealed Croco Leather Long Wallet,109-0101-041,0.0,1299.0,Outofstock,
Wallet,Muted Chocolate Leather Long Wallet,109-0101-039,0.0,1299.0,Outofstock,
Wallet,Fence Patterned Leather Long Wallet,109-0101-038,0.0,1249.0,Outofstock,
Belt,Black Leather Gear Belt,109-0401-152,0.0,1090.0,Outofstock,
Belt,Chocolate Leather Gear Belt,109-0401-127,0.0,1090.0,Outofstock,
Belt,Chocolate Leather Gear Belt,109-0401-124,0.0,1090.0,Outofstock,
Leather Bag,Sleek Maroon Executive Leather Bag,109-0301-019,0.0,4599.0,Outofstock,
Leather Bag,Dual Textured Executive Leather Bag,109-0301-016,0.0,4599.0,Outofstock,
Leather Bag,Croco Black Executive Leather Bag,109-0301-010,0.0,4199.0,Outofstock,
Leather Bag,Matte Maroon Executive Leather Bag,109-0301-011,0.0,4199.0,Outofstock,
Wallet,Navy Blue Leather Passport Holder,109-0303-004,1.0,880.0,Instock,
Wallet,Choco Defined Leather Passport Holder,109-0303-002,1.0,880.0,Instock,
Leather Bag,Classic Maroon Executive Leather Bag,109-0301-015,0.0,4199.0,Outofstock,
Leather Bag,Black Finish Executive Leather Bag,109-0301-014,0.0,4199.0,Outofstock,
Wallet,Plain Black Trifold Genuine Leather Wallet,109-0103-016,0.0,880.0,Outofstock,
Wallet,Muted Chocolate Leather Long Wallet,109-0101-034,0.0,1149.0,Outofstock,
Leather Bag,Matte Black Executive Leather Bag,109-0301-012,0.0,4199.0,Outofstock,
Wallet,Crocodile Rustic Leather Coin Pocket Long Wallet,109-0101-027,1.0,1249.0,Instock,
Wallet,Crocodile Black Leather Coin Pocket Long Wallet,109-0101-025,2.0,1249.0,Instock,
Wallet,Rustic Classic Leather Coin Pocket Long Wallet,109-0101-043,0.0,1299.0,Outofstock,
Wallet,Black Leather Coin Pocket Long Wallet,109-0101-037,0.0,1299.0,Outofstock,
Wallet,Croco Pattern Leather Long Wallet,109-0101-030,0.0,1149.0,Outofstock,
Wallet,Brown Zipper Pocket Leather Long Wallet,109-0101-029,0.0,1249.0,Outofstock,
Wallet,Chocolate Coin Pocket Leather Long Wallet,109-0101-028,0.0,1299.0,Outofstock,
Wallet,Croco pattern Leather Long Wallet,109-0101-022,0.0,1299.0,Outofstock,
Wallet,Dual Drift Brown Leather Long Wallet,109-0101-021,0.0,1299.0,Outofstock,
Wallet,Brick Toned Leather Trifold Wallet,109-0103-012,0.0,880.0,Outofstock,
Wallet,Black Perforated Leather Trifold Wallet,109-0103-010,1.0,880.0,Instock,
Wallet,Dual Drift Brown Leather Long Wallet,109-0101-018,0.0,1299.0,Outofstock,
Wallet,Croco pattern Leather Long Wallet,109-0101-017,0.0,1299.0,Outofstock,
Wallet,Reddish-brown Crest Leather Long Wallet,109-0101-016,0.0,1149.0,Outofstock,
Wallet,Dual Drift Black Leather Long Wallet,109-0101-015,0.0,1249.0,Outofstock,
Wallet,Indigo Ridge Leather Long Wallet,109-0101-014,0.0,1149.0,Outofstock,
Wallet,Dual Drift Leather Long Wallet,109-0101-013,0.0,1299.0,Outofstock,
Wallet,Muted Maroon Leather Long Wallet,109-0101-012,0.0,1149.0,Outofstock,
Wallet,Rustic Classic Leather Long Wallet,109-0101-011,1.0,1149.0,Instock,
Wallet,Steel River Leather Long Wallet,109-0101-010,0.0,1149.0,Outofstock,
Wallet,Crocodile Embossed Leather Long Wallet,109-0101-024,0.0,1149.0,Outofstock,
Wallet,Crocodile Texture Leather Long Wallet,109-0101-026,0.0,1249.0,Outofstock,
Wallet,DEEN Trifold Genuine Leather Wallet,109-0103-001,3.0,849.0,Instock,
Wallet,DEEN Bifold Leather Wallet,109-0102-027,0.0,799.0,Outofstock,
Wallet,DEEN Trifold Genuine Leather Wallet,109-0103-003,3.0,849.0,Instock,
Wallet,DEEN Trifold Genuine Leather Wallet,109-0103-002,0.0,849.0,Outofstock,
Wallet,DEEN Trifold Genuine Leather Wallet,109-0103-004,2.0,849.0,Instock,
Wallet,DEEN Genuine Leather Wallet,109-0102-017,0.0,799.0,Outofstock,
Belt,Black Leather Moving Belt,109-0401-176,0.0,999.0,Outofstock,
Wallet,DEEN Trifold Genuine Leather Wallet,109-0103-006,6.0,849.0,Instock,
Mask,Breathable Face Mask,109-0502-001,278.0,280.0,Instock,
Wallet,DEEN Genuine Leather Long Wallet,109-0101-006,0.0,1299.0,Outofstock,
Wallet,DEEN Genuine Leather Long Wallet,109-0101-005,0.0,1299.0,Outofstock,
Wallet,DEEN Genuine Leather Long Wallet,109-0101-009,0.0,1299.0,Outofstock,
Water Bottle,Durable Aluminum Water Bottle 600 ml.,109-0501-001,21.0,399.0,Instock,
Tank Top,Burgundy Relaxed Graphic Tank Top - 3XL,105-0401-006,3.0,540.0,Instock,3XL
Tank Top,Burgundy Relaxed Graphic Tank Top - 2XL,105-0401-006,10.0,540.0,Instock,2XL
Tank Top,Burgundy Relaxed Graphic Tank Top - XL,105-0401-006,11.0,540.0,Instock,XL
Tank Top,Burgundy Relaxed Graphic Tank Top - L,105-0401-006,31.0,540.0,Instock,L
Tank Top,Burgundy Relaxed Graphic Tank Top - M,105-0401-006,11.0,540.0,Instock,M
FS Shirt,Sky Blue Executive Formal Shirt - 3XL,102-0501-008,1.0,1490.0,Instock,3XL
FS Shirt,Sky Blue Executive Formal Shirt - 2XL,102-0501-008,6.0,1490.0,Instock,2XL
FS Shirt,Sky Blue Executive Formal Shirt - XL,102-0501-008,12.0,1490.0,Instock,XL
FS Shirt,Sky Blue Executive Formal Shirt - L,102-0501-008,7.0,1490.0,Instock,L
FS Shirt,Sky Blue Executive Formal Shirt - M,102-0501-008,7.0,1490.0,Instock,M
Tank Top,Glacier Relaxed Graphic Tank Top - 3XL,105-0401-002,0.0,540.0,Outofstock,3XL
Tank Top,Glacier Relaxed Graphic Tank Top - 2XL,105-0401-002,0.0,540.0,Outofstock,2XL
Tank Top,Glacier Relaxed Graphic Tank Top - XL,105-0401-002,0.0,540.0,Outofstock,XL
Tank Top,Glacier Relaxed Graphic Tank Top - L,105-0401-002,3.0,540.0,Instock,L
Tank Top,Glacier Relaxed Graphic Tank Top - M,105-0401-002,0.0,540.0,Outofstock,M
HS Shirt,Grey Motif Casual Half Shirt - 3XL,102-0301-007,3.0,1325.0,Instock,3XL
HS Shirt,Grey Motif Casual Half Shirt - 2XL,102-0301-007,10.0,1325.0,Instock,2XL
HS Shirt,Grey Motif Casual Half Shirt - XL,102-0301-007,13.0,1325.0,Instock,XL
HS Shirt,Grey Motif Casual Half Shirt - L,102-0301-007,15.0,1325.0,Instock,L
HS Shirt,Grey Motif Casual Half Shirt - M,102-0301-007,9.0,1325.0,Instock,M
Jeans,High-End Light Blue Jeans - Regular Fit - 38,101-0200-150,26.0,1912.0,Instock,38
Jeans,High-End Light Blue Jeans - Regular Fit - 36,101-0200-150,81.0,1912.0,Instock,36
Jeans,High-End Light Blue Jeans - Regular Fit - 34,101-0200-150,164.0,1912.0,Instock,34
Jeans,High-End Light Blue Jeans - Regular Fit - 32,101-0200-150,127.0,1912.0,Instock,32
Jeans,High-End Light Blue Jeans - Regular Fit - 30,101-0200-150,0.0,1912.0,Outofstock,30
FS Shirt,Classic Stripe Executive Formal Shirt - 3XL,102-0501-003,6.0,1490.0,Instock,3XL
FS Shirt,Classic Stripe Executive Formal Shirt - 2XL,102-0501-003,25.0,1490.0,Instock,2XL
FS Shirt,Classic Stripe Executive Formal Shirt - XL,102-0501-003,16.0,1490.0,Instock,XL
FS Shirt,Classic Stripe Executive Formal Shirt - L,102-0501-003,31.0,1490.0,Instock,L
FS Shirt,Classic Stripe Executive Formal Shirt - M,102-0501-003,18.0,1490.0,Instock,M
Jeans,High-End Whisker Faded Jeans - Regular Fit - 38,101-0200-151,18.0,1992.0,Instock,38
Jeans,High-End Whisker Faded Jeans - Regular Fit - 36,101-0200-151,59.0,1992.0,Instock,36
Jeans,High-End Whisker Faded Jeans - Regular Fit - 34,101-0200-151,157.0,1992.0,Instock,34
Jeans,High-End Whisker Faded Jeans - Regular Fit - 32,101-0200-151,148.0,1992.0,Instock,32
Jeans,High-End Whisker Faded Jeans - Regular Fit - 30,101-0200-151,0.0,1992.0,Outofstock,30
